{
    "rmse": 0.6872875324585429,
    "mae": 0.5506070030308585,
    "r2": 0.21190548108787877
}